{
  "timestamp": "2025-10-23T21:13:54.201034",
  "summary": {
    "total_benchmarks": 7,
    "passed": 7,
    "success_rate": 1.0
  },
  "targets": {
    "dag_compilation_ms": 1000,
    "factor_execution_s": 300,
    "mutation_operation_ms": 1000,
    "generation_evolution_h": 2
  },
  "results": [
    {
      "name": "DAG Compilation (small)",
      "mean_time_ms": 0.15621185302734375,
      "std_time_ms": 0.03531264893061073,
      "min_time_ms": 0.12087821960449219,
      "max_time_ms": 0.23674964904785156,
      "iterations": 20,
      "memory_mb": 0,
      "success_rate": 1.0,
      "details": {
        "times_ms": [
          0.12803077697753906,
          0.12969970703125,
          0.12087821960449219,
          0.1342296600341797,
          0.12111663818359375,
          0.12445449829101562,
          0.17714500427246094,
          0.1385211944580078,
          0.15544891357421875,
          0.1289844512939453,
          0.1251697540283203,
          0.23674964904785156,
          0.1971721649169922,
          0.17952919006347656,
          0.22554397583007812,
          0.15091896057128906,
          0.2110004425048828,
          0.13589859008789062,
          0.148773193359375,
          0.15497207641601562
        ],
        "mem_before_mb": 228.61328125,
        "mem_after_mb": 228.61328125
      }
    },
    {
      "name": "Strategy Execution (data=small, strategy=small)",
      "mean_time_ms": 4.29835319519043,
      "std_time_ms": 0.7902157427511356,
      "min_time_ms": 3.4494400024414062,
      "max_time_ms": 5.69462776184082,
      "iterations": 10,
      "memory_mb": 0,
      "success_rate": 1.0,
      "details": {
        "times_ms": [
          3.8111209869384766,
          3.4494400024414062,
          4.930973052978516,
          3.561258316040039,
          5.69462776184082,
          3.8938522338867188,
          4.498004913330078,
          3.866910934448242,
          5.579948425292969,
          3.6973953247070312
        ],
        "mem_before_mb": 232.546875,
        "mem_after_mb": 232.546875
      }
    },
    {
      "name": "Mutation: add_factor",
      "mean_time_ms": 0.16171932220458984,
      "std_time_ms": 0.03881335110199961,
      "min_time_ms": 0.12683868408203125,
      "max_time_ms": 0.29778480529785156,
      "iterations": 50,
      "memory_mb": 0,
      "success_rate": 1.0,
      "details": {
        "times_ms": [
          0.13566017150878906,
          0.1323223114013672,
          0.13566017150878906,
          0.13756752014160156,
          0.15163421630859375,
          0.20360946655273438,
          0.1404285430908203,
          0.1385211944580078,
          0.13709068298339844,
          0.14352798461914062,
          0.141143798828125,
          0.15234947204589844,
          0.14352798461914062,
          0.14662742614746094,
          0.13899803161621094,
          0.19502639770507812,
          0.1513957977294922,
          0.2651214599609375,
          0.13971328735351562,
          0.14090538024902344,
          0.1518726348876953,
          0.13494491577148438,
          0.18072128295898438,
          0.1537799835205078,
          0.14972686767578125,
          0.15234947204589844,
          0.23937225341796875,
          0.21696090698242188,
          0.2346038818359375,
          0.164031982421875,
          0.14495849609375,
          0.12922286987304688,
          0.13208389282226562,
          0.1373291015625,
          0.12683868408203125,
          0.141143798828125,
          0.17905235290527344,
          0.1735687255859375,
          0.2543926239013672,
          0.18525123596191406,
          0.29778480529785156,
          0.15592575073242188,
          0.13494491577148438,
          0.13113021850585938,
          0.1366138458251953,
          0.15354156494140625,
          0.1327991485595703,
          0.14519691467285156,
          0.20551681518554688,
          0.13947486877441406
        ],
        "mem_before_mb": 238.91796875,
        "mem_after_mb": 238.91796875
      }
    },
    {
      "name": "Strategy with 2 factors",
      "mean_time_ms": 3.8264036178588867,
      "std_time_ms": 0.3664369843193311,
      "min_time_ms": 3.409862518310547,
      "max_time_ms": 4.421710968017578,
      "iterations": 10,
      "memory_mb": 0,
      "success_rate": 1.0,
      "details": {
        "times_ms": [
          3.9272308349609375,
          4.421710968017578,
          3.5483837127685547,
          4.340648651123047,
          3.4513473510742188,
          3.545999526977539,
          4.229068756103516,
          3.409862518310547,
          3.8480758666992188,
          3.541707992553711
        ],
        "mem_before_mb": 238.91796875,
        "mem_after_mb": 238.91796875
      }
    },
    {
      "name": "Strategy with 5 factors",
      "mean_time_ms": 5.107259750366211,
      "std_time_ms": 0.7864033210093593,
      "min_time_ms": 4.718780517578125,
      "max_time_ms": 7.449626922607422,
      "iterations": 10,
      "memory_mb": 0,
      "success_rate": 1.0,
      "details": {
        "times_ms": [
          4.900217056274414,
          4.84013557434082,
          4.841089248657227,
          4.718780517578125,
          4.822254180908203,
          7.449626922607422,
          4.764080047607422,
          5.091190338134766,
          4.835367202758789,
          4.809856414794922
        ],
        "mem_before_mb": 238.91796875,
        "mem_after_mb": 238.91796875
      }
    },
    {
      "name": "Strategy with 10 factors",
      "mean_time_ms": 6.723833084106445,
      "std_time_ms": 0.4671116223729085,
      "min_time_ms": 6.067514419555664,
      "max_time_ms": 7.621049880981445,
      "iterations": 10,
      "memory_mb": 0,
      "success_rate": 1.0,
      "details": {
        "times_ms": [
          6.847620010375977,
          7.113456726074219,
          7.201910018920898,
          6.067514419555664,
          6.661891937255859,
          6.782054901123047,
          6.174325942993164,
          6.457328796386719,
          6.311178207397461,
          7.621049880981445
        ],
        "mem_before_mb": 238.91796875,
        "mem_after_mb": 238.91796875
      }
    },
    {
      "name": "Strategy with 15 factors",
      "mean_time_ms": 9.532856941223145,
      "std_time_ms": 1.7564062122724167,
      "min_time_ms": 8.026838302612305,
      "max_time_ms": 12.984514236450195,
      "iterations": 10,
      "memory_mb": 0,
      "success_rate": 1.0,
      "details": {
        "times_ms": [
          12.984514236450195,
          8.826255798339844,
          8.145809173583984,
          8.274555206298828,
          8.584976196289062,
          8.564233779907227,
          9.115457534790039,
          8.026838302612305,
          12.75491714477539,
          10.05101203918457
        ],
        "mem_before_mb": 238.91796875,
        "mem_after_mb": 238.91796875
      }
    }
  ]
}