{
  "iteration_number": 19,
  "timestamp": "2025-11-22T06:12:08.970240",
  "sharpes": [
    -0.09189153262226984,
    0.47059647988533065,
    0.7830318741650771,
    0.7745174862219022,
    0.1313022130442138,
    0.439315168430324,
    0.5297263854220511,
    -0.21225921280900922,
    0.6617168257332343,
    0.7238792425936917,
    -0.21225921280900922,
    -0.14213010939439696,
    0.7830318741650771,
    -0.27397355392625194,
    -0.013705884463342815,
    0.1662238407161379,
    -0.13874053917974413,
    -0.1284367384470212,
    -0.227714113269862,
    0.3613731693219767
  ],
  "durations": [
    39.65499782562256,
    10.563344717025757,
    12.688370704650879,
    10.135469198226929,
    8.612168312072754,
    8.678163528442383,
    8.848074436187744,
    8.03864073753357,
    8.703422546386719,
    10.498183012008667,
    8.212125301361084,
    8.415011405944824,
    9.193375825881958,
    8.034639596939087,
    8.648480653762817,
    8.665958642959595,
    8.422019481658936,
    9.032623529434204,
    8.330109357833862,
    8.890183210372925
  ],
  "champion_updates": [
    false,
    false,
    false,
    true,
    false,
    false,
    false,
    false,
    false,
    false,
    false,
    false,
    false,
    false,
    false,
    false,
    false,
    false,
    false,
    false
  ],
  "iteration_records": [
    {
      "iteration": 0,
      "success": true,
      "status": "SUCCESS",
      "duration_seconds": 39.65499782562256,
      "sharpe": -0.09189153262226984,
      "metrics": {
        "annual_return": -0.04234112144371127,
        "sharpe_ratio": -0.09189153262226984,
        "max_drawdown": -0.6400310033299077,
        "success": false
      },
      "champion_iteration": 3,
      "champion_sharpe": 2.5604600394789623,
      "champion_updated": false,
      "retry_count": 0
    },
    {
      "iteration": 1,
      "success": true,
      "status": "SUCCESS",
      "duration_seconds": 10.563344717025757,
      "sharpe": 0.47059647988533065,
      "metrics": {
        "annual_return": 0.12036328931833862,
        "sharpe_ratio": 0.47059647988533065,
        "max_drawdown": -0.5133568833809627,
        "success": false
      },
      "champion_iteration": 3,
      "champion_sharpe": 2.5604600394789623,
      "champion_updated": false,
      "retry_count": 0
    },
    {
      "iteration": 2,
      "success": true,
      "status": "SUCCESS",
      "duration_seconds": 12.688370704650879,
      "sharpe": 0.7830318741650771,
      "metrics": {
        "annual_return": 0.23725112825988548,
        "sharpe_ratio": 0.7830318741650771,
        "max_drawdown": -0.6353226746513819,
        "success": false
      },
      "champion_iteration": 3,
      "champion_sharpe": 2.5604600394789623,
      "champion_updated": false,
      "retry_count": 0
    },
    {
      "iteration": 3,
      "success": true,
      "status": "SUCCESS",
      "duration_seconds": 10.135469198226929,
      "sharpe": 0.7745174862219022,
      "metrics": {
        "annual_return": 0.2547257165430943,
        "sharpe_ratio": 0.7745174862219022,
        "max_drawdown": -0.6413025739376845,
        "success": false
      },
      "champion_iteration": 3,
      "champion_sharpe": 2.5604600394789623,
      "champion_updated": true,
      "retry_count": 0
    },
    {
      "iteration": 4,
      "success": true,
      "status": "SUCCESS",
      "duration_seconds": 8.612168312072754,
      "sharpe": 0.1313022130442138,
      "metrics": {
        "annual_return": 0.021635427932798157,
        "sharpe_ratio": 0.1313022130442138,
        "max_drawdown": -0.6352452170104477,
        "success": false
      },
      "champion_iteration": 3,
      "champion_sharpe": 2.5604600394789623,
      "champion_updated": false,
      "retry_count": 0
    },
    {
      "iteration": 5,
      "success": true,
      "status": "SUCCESS",
      "duration_seconds": 8.678163528442383,
      "sharpe": 0.439315168430324,
      "metrics": {
        "annual_return": 0.10927285525697061,
        "sharpe_ratio": 0.439315168430324,
        "max_drawdown": -0.43510698794286984,
        "success": false
      },
      "champion_iteration": 3,
      "champion_sharpe": 2.5604600394789623,
      "champion_updated": false,
      "retry_count": 0
    },
    {
      "iteration": 6,
      "success": true,
      "status": "SUCCESS",
      "duration_seconds": 8.848074436187744,
      "sharpe": 0.5297263854220511,
      "metrics": {
        "annual_return": 0.14094593830904234,
        "sharpe_ratio": 0.5297263854220511,
        "max_drawdown": -0.5366989067783774,
        "success": false
      },
      "champion_iteration": 3,
      "champion_sharpe": 2.5604600394789623,
      "champion_updated": false,
      "retry_count": 0
    },
    {
      "iteration": 7,
      "success": true,
      "status": "SUCCESS",
      "duration_seconds": 8.03864073753357,
      "sharpe": -0.21225921280900922,
      "metrics": {
        "annual_return": -0.059643601096275534,
        "sharpe_ratio": -0.21225921280900922,
        "max_drawdown": -0.6529305293799403,
        "success": false
      },
      "champion_iteration": 3,
      "champion_sharpe": 2.5604600394789623,
      "champion_updated": false,
      "retry_count": 0
    },
    {
      "iteration": 8,
      "success": true,
      "status": "SUCCESS",
      "duration_seconds": 8.703422546386719,
      "sharpe": 0.6617168257332343,
      "metrics": {
        "annual_return": 0.20470915828455705,
        "sharpe_ratio": 0.6617168257332343,
        "max_drawdown": -0.6731001540456898,
        "success": false
      },
      "champion_iteration": 3,
      "champion_sharpe": 2.5604600394789623,
      "champion_updated": false,
      "retry_count": 0
    },
    {
      "iteration": 9,
      "success": true,
      "status": "SUCCESS",
      "duration_seconds": 10.498183012008667,
      "sharpe": 0.7238792425936917,
      "metrics": {
        "annual_return": 0.20389190207621022,
        "sharpe_ratio": 0.7238792425936917,
        "max_drawdown": -0.6670595925302985,
        "success": false
      },
      "champion_iteration": 3,
      "champion_sharpe": 2.5604600394789623,
      "champion_updated": false,
      "retry_count": 0
    },
    {
      "iteration": 10,
      "success": true,
      "status": "SUCCESS",
      "duration_seconds": 8.212125301361084,
      "sharpe": -0.21225921280900922,
      "metrics": {
        "annual_return": -0.059643601096275534,
        "sharpe_ratio": -0.21225921280900922,
        "max_drawdown": -0.6529305293799403,
        "success": false
      },
      "champion_iteration": 3,
      "champion_sharpe": 2.5604600394789623,
      "champion_updated": false,
      "retry_count": 0
    },
    {
      "iteration": 11,
      "success": true,
      "status": "SUCCESS",
      "duration_seconds": 8.415011405944824,
      "sharpe": -0.14213010939439696,
      "metrics": {
        "annual_return": -0.03991234709076252,
        "sharpe_ratio": -0.14213010939439696,
        "max_drawdown": -0.6959748853256191,
        "success": false
      },
      "champion_iteration": 3,
      "champion_sharpe": 2.5604600394789623,
      "champion_updated": false,
      "retry_count": 0
    },
    {
      "iteration": 12,
      "success": true,
      "status": "SUCCESS",
      "duration_seconds": 9.193375825881958,
      "sharpe": 0.7830318741650771,
      "metrics": {
        "annual_return": 0.23725112825988548,
        "sharpe_ratio": 0.7830318741650771,
        "max_drawdown": -0.6353226746513819,
        "success": false
      },
      "champion_iteration": 3,
      "champion_sharpe": 2.5604600394789623,
      "champion_updated": false,
      "retry_count": 0
    },
    {
      "iteration": 13,
      "success": true,
      "status": "SUCCESS",
      "duration_seconds": 8.034639596939087,
      "sharpe": -0.27397355392625194,
      "metrics": {
        "annual_return": -0.08925220248969012,
        "sharpe_ratio": -0.27397355392625194,