{
  "test_completed": true,
  "total_iterations": 182,
  "sharpes": [
    0.08214247982448018,
    0.08214247982448018,
    1.0983068276947616,
    0.08214247982448018,
    0.08214247982448018,
    0.08214247982448018,
    0.08214247982448018,
    0.08214247982448018,
    0.08214247982448018,
    0.08176217345494845,
    0.08214247982448018,
    0.08214247982448018,
    0.08214247982448018,
    0.08214247982448018,
    0.08214247982448018,
    0.08214247982448018,
    0.08214247982448018,
    1.0555061421000322,
    0.08214247982448018,
    0.08214247982448018,
    0.08214247982448018,
    0.08214247982448018,
    0.6163154056605223,
    0.08214247982448018,
    0.08214247982448018,
    0.08214247982448018,
    0.08214247982448018,
    0.08214247982448018,
    0.08214247982448018,
    0.08214247982448018,
    0.08176217345494845,
    0.08214247982448018,
    1.0983068276947616,
    0.08214247982448018,
    0.08214247982448018,
    0.08214247982448018,
    0.08214247982448018,
    1.0983068276947616,
    0.08214247982448018,
    0.08214247982448018,
    1.0983068276947616,
    0.08214247982448018,
    0.08214247982448018,
    0.08214247982448018,
    0.08214247982448018,
    0.08214247982448018,
    0.08214247982448018,
    0.08214247982448018,
    0.08214247982448018,
    0.08214247982448018,
    0.08214247982448018,
    1.0983068276947616,
    0.08214247982448018,
    0.08214247982448018,
    0.08214247982448018,
    0.08214247982448018,
    0.08214247982448018,
    0.08214247982448018,
    0.08214247982448018,
    1.0983068276947616,
    0.08214247982448018,
    0.08214247982448018,
    0.08214247982448018,
    0.08214247982448018,
    0.08214247982448018,
    0.08214247982448018,
    0.08214247982448018,
    0.9434176823858806,
    0.08214247982448018,
    0.08214247982448018,
    0.08214247982448018,
    0.08214247982448018,
    0.08214247982448018,
    0.08214247982448018,
    0.08214247982448018,
    0.08214247982448018,
    0.08214247982448018,
    0.012642928714578342,
    0.08214247982448018,
    0.08214247982448018,
    0.08214247982448018,
    0.08214247982448018,
    0.08214247982448018,
    0.08214247982448018,
    0.08176217345494845,
    0.08214247982448018,
    0.08214247982448018,
    0.08214247982448018,
    0.08214247982448018,
    0.12688201645059283,
    0.08214247982448018,
    0.08214247982448018,
    0.08214247982448018,
    0.08214247982448018,
    0.08214247982448018,
    0.08214247982448018,
    0.08214247982448018,
    0.08214247982448018,
    0.08214247982448018,
    0.08214247982448018,
    0.08214247982448018,
    0.08214247982448018,
    0.08214247982448018,
    0.08214247982448018,
    0.08214247982448018,
    -0.10586549872000532,
    0.08214247982448018,
    0.08214247982448018,
    0.08214247982448018,
    0.08214247982448018,
    0.08214247982448018,
    0.08214247982448018,
    0.08214247982448018,
    0.08214247982448018,
    0.08214247982448018,
    0.08214247982448018,
    0.08214247982448018,
    0.08214247982448018,
    0.08214247982448018,
    0.08214247982448018,
    0.08214247982448018,
    0.08214247982448018,
    0.48710386624832097,
    0.08214247982448018,
    0.08214247982448018,
    0.08214247982448018,
    0.08214247982448018,
    0.08214247982448018,
    0.08214247982448018,
    0.08214247982448018,
    0.08214247982448018,
    0.08214247982448018,
    0.08214247982448018,
    0.08214247982448018,
    0.08214247982448018,
    0.08214247982448018,
    0.08214247982448018,
    1.0983068276947616,
    0.08214247982448018,
    0.08214247982448018,
    0.08176217345494845,
    0.08214247982448018,
    0.08214247982448018,
    0.08214247982448018,
    0.08214247982448018,
    0.08214247982448018,
    1.0983068276947616,
    0.08214247982448018,
    0.08214247982448018,
    0.08214247982448018,
    0.08214247982448018,
    0.08214247982448018,
    0.08214247982448018,
    0.08214247982448018,
    0.08214247982448018,
    -0.10586549872000532,
    0.08214247982448018,
    0.08214247982448018,
    0.08214247982448018,
    0.08214247982448018,
    0.77747093278003,
    0.08214247982448018,
    0.08979228440519788,
    0.08214247982448018,
    0.08214247982448018,
    0.08214247982448018,
    0.08214247982448018,
    0.08214247982448018,
    1.0983068276947616,
    0.08214247982448018,
    0.08214247982448018,
    0.08214247982448018,
    0.08214247982448018,
    0.08214247982448018,
    0.08214247982448018,
    0.08214247982448018,
    0.08214247982448018,
    0.9474574802499018,
    0.08214247982448018,
    0.08214247982448018,
    0.08214247982448018,
    0.08214247982448018
  ],
  "durations": [
    0.0,
    0.0,
    0.0,
    0.0,
    0.0,
    0.0,
    0.0,
    0.0,
    0.0,
    0.0,
    0.0,
    0.0,
    0.0,
    0.0,
    0.0,
    0.0,
    0.0,
    0.0,
    0.0,
    0.0,
    0.0,
    0.0,
    0.0,
    0.0,
    0.0,
    0.0,
    0.0,
    0.0,
    0.0,
    0.0,
    0.0,
    0.0,
    0.0,
    0.0,
    0.0,
    0.0,
    0.0,
    0.0,
    0.0,
    0.0,
    0.0,
    0.0,
    0.0,
    0.0,
    0.0,
    0.0,
    0.0,
    0.0,
    0.0,
    0.0,
    0.0,
    0.0,
    0.0,
    0.0,
    0.0,
    0.0,
    0.0,
    0.0,
    0.0,
    0.0,
    0.0,
    0.0,
    0.0,
    0.0,
    0.0,
    0.0,
    0.0,
    0.0,
    0.0,
    0.0,
    0.0,
    0.0,
    0.0,
    0.0,
    0.0,
    0.0,
    0.0,
    0.0,
    0.0,
    0.0,
    0.0,
    0.0,
    0.0,
    0.0,
    0.0,
    0.0,
    0.0,
    0.0,
    0.0,
    0.0,
    0.0,
    0.0,
    0.0,
    0.0,
    0.0,
    0.0,
    0.0,
    0.0,
    0.0,
    0.0,
    0.0,
    0.0,
    0.0,
    0.0,
    0.0,
    0.0,
    0.0,
    0.0,
    0.0,
    0.0,
    0.0,
    0.0,
    0.0,
    0.0,
    0.0,
    0.0,
    0.0,
    0.0,
    0.0,
    0.0,
    0.0,
    0.0,
    0.0,
    0.0,
    0.0,
    0.0,
    0.0,
    0.0,
    0.0,
    0.0,
    0.0,
    0.0,
    0.0,
    0.0,
    0.0,
    0.0,
    0.0,
    0.0,
    0.0,
    0.0,
    0.0,
    0.0,
    0.0,
    0.0,
    0.0,
    0.0,
    0.0,
    0.0,
    0.0,
    0.0,
    0.0,
    0.0,
    0.0,
    0.0,
    0.0,
    0.0,
    0.0,
    0.0,
    0.0,
    0.0,
    0.0,
    0.0,
    0.0,
    0.0,
    0.0,
    0.0,
    0.0,
    0.0,
    0.0,
    0.0,
    0.0,
    0.0,
    0.0,
    0.0,
    0.0,
    0.0,
    0.0,
    0.0,
    0.0,
    0.0,
    0.0,
    0.0
  ],