{
  "test_name": "full_test",
  "iteration_number": 9,
  "timestamp": "2025-10-19T15:14:56.794000",
  "sharpes": [
    0.154883782589097,
    0.154883782589097,
    0.154883782589097,
    0.154883782589097,
    0.154883782589097,
    0.5469849881974026,
    0.154883782589097,
    0.154883782589097,
    0.12281949750707974,
    0.154883782589097
  ],
  "durations": [
    21.78129529953003,
    17.20350980758667,
    16.1441650390625,
    17.773844957351685,
    17.733866691589355,
    17.967708826065063,
    17.878661394119263,
    19.89890480041504,
    18.617786169052124,
    18.706403970718384
  ],
  "champion_updates": [
    false,
    false,
    false,
    false,
    false,
    false,
    true,
    false,
    false,
    false
  ],
  "iteration_records": [
    {
      "iteration": 0,
      "success": true,
      "sharpe": 0.154883782589097,
      "metrics": {
        "annual_return": 0.02597056268787279,
        "sharpe_ratio": 0.154883782589097,
        "max_drawdown": -0.6660509379439311,
        "success": false
      },
      "duration_seconds": 21.78129529953003,
      "champion_updated": false,
      "retry_count": 0,
      "parameters": {
        "momentum_period": 10,
        "ma_periods": 60,
        "catalyst_type": "revenue",
        "catalyst_lookback": 3,
        "n_stocks": 10,
        "stop_loss": 0.1,
        "resample": "M",
        "resample_offset": 0
      },
      "validation_passed": true
    },
    {
      "iteration": 1,
      "success": true,
      "sharpe": 0.154883782589097,
      "metrics": {
        "annual_return": 0.02597056268787279,
        "sharpe_ratio": 0.154883782589097,
        "max_drawdown": -0.6660509379439311,
        "success": false
      },
      "duration_seconds": 17.20350980758667,
      "champion_updated": false,
      "retry_count": 0,
      "parameters": {
        "momentum_period": 10,
        "ma_periods": 60,
        "catalyst_type": "revenue",
        "catalyst_lookback": 3,
        "n_stocks": 10,
        "stop_loss": 0.1,
        "resample": "M",
        "resample_offset": 0
      },
      "validation_passed": true
    },
    {
      "iteration": 2,
      "success": true,
      "sharpe": 0.154883782589097,
      "metrics": {
        "annual_return": 0.02597056268787279,
        "sharpe_ratio": 0.154883782589097,
        "max_drawdown": -0.6660509379439311,
        "success": false
      },
      "duration_seconds": 16.1441650390625,
      "champion_updated": false,
      "retry_count": 0,
      "parameters": {
        "momentum_period": 10,
        "ma_periods": 60,
        "catalyst_type": "revenue",
        "catalyst_lookback": 3,
        "n_stocks": 10,
        "stop_loss": 0.1,
        "resample": "M",
        "resample_offset": 0
      },
      "validation_passed": true
    },
    {
      "iteration": 3,
      "success": true,
      "sharpe": 0.154883782589097,
      "metrics": {
        "annual_return": 0.02597056268787279,
        "sharpe_ratio": 0.154883782589097,
        "max_drawdown": -0.6660509379439311,
        "success": false
      },
      "duration_seconds": 17.773844957351685,
      "champion_updated": false,
      "retry_count": 0,
      "parameters": {
        "momentum_period": 10,
        "ma_periods": 60,
        "catalyst_type": "revenue",
        "catalyst_lookback": 3,
        "n_stocks": 10,
        "stop_loss": 0.1,
        "resample": "M",
        "resample_offset": 0
      },
      "validation_passed": true
    },
    {
      "iteration": 4,
      "success": true,
      "sharpe": 0.154883782589097,
      "metrics": {
        "annual_return": 0.02597056268787279,
        "sharpe_ratio": 0.154883782589097,
        "max_drawdown": -0.6660509379439311,
        "success": false
      },
      "duration_seconds": 17.733866691589355,
      "champion_updated": false,
      "retry_count": 0,
      "parameters": {
        "momentum_period": 10,
        "ma_periods": 60,
        "catalyst_type": "revenue",
        "catalyst_lookback": 3,
        "n_stocks": 10,
        "stop_loss": 0.1,
        "resample": "M",
        "resample_offset": 0
      },
      "validation_passed": true
    },
    {
      "iteration": 5,
      "success": true,
      "sharpe": 0.5469849881974026,
      "metrics": {
        "annual_return": 0.14915176847015887,
        "sharpe_ratio": 0.5469849881974026,
        "max_drawdown": -0.43915381160196065,
        "success": false
      },
      "duration_seconds": 17.967708826065063,
      "champion_updated": false,
      "retry_count": 0,
      "parameters": {
        "momentum_period": 20,
        "ma_periods": 90,
        "catalyst_type": "earnings",
        "catalyst_lookback": 6,
        "n_stocks": 15,
        "stop_loss": 0.12,
        "resample": "W",
        "resample_offset": 2
      },
      "validation_passed": true
    },
    {
      "iteration": 6,
      "success": true,
      "sharpe": 0.154883782589097,
      "metrics": {
        "annual_return": 0.02597056268787279,
        "sharpe_ratio": 0.154883782589097,
        "max_drawdown": -0.6660509379439311,
        "success": false
      },
      "duration_seconds": 17.878661394119263,
      "champion_updated": true,
      "retry_count": 0,
      "parameters": {
        "momentum_period": 10,
        "ma_periods": 60,
        "catalyst_type": "revenue",
        "catalyst_lookback": 3,
        "n_stocks": 10,
        "stop_loss": 0.1,
        "resample": "M",
        "resample_offset": 0
      },
      "validation_passed": true
    },
    {
      "iteration": 7,
      "success": true,
      "sharpe": 0.154883782589097,
      "metrics": {
        "annual_return": 0.02597056268787279,
        "sharpe_ratio": 0.154883782589097,
        "max_drawdown": -0.6660509379439311,
        "success": false
      },
      "duration_seconds": 19.89890480041504,
      "champion_updated": false,
      "retry_count": 0,
      "parameters": {
        "momentum_period": 10,
        "ma_periods": 60,
        "catalyst_type": "revenue",
        "catalyst_lookback": 3,
        "n_stocks": 10,
        "stop_loss": 0.1,
        "resample": "M",
        "resample_offset": 0
      },
      "validation_passed": true
    },
    {
      "iteration": 8,
      "success": true,
      "sharpe": 0.12281949750707974,
      "metrics": {
        "annual_return": 0.019886529443562617,
        "sharpe_ratio": 0.12281949750707974,
        "max_drawdown": -0.6074870511098338,
        "success": false
      },
      "duration_seconds": 18.617786169052124,
      "champion_updated": false,
      "retry_count": 0,
      "parameters": {
        "momentum_period": 10,
        "ma_periods": 60,
        "catalyst_type": "revenue",
        "catalyst_lookback": 3,
        "n_stocks": 15,
        "stop_loss": 0.12,
        "resample": "M",
        "resample_offset": 0
      },
      "validation_passed": true
    },
    {
      "iteration": 9,
      "success": true,
      "sharpe": 0.154883782589097,
      "metrics": {
        "annual_return": 0.02597056268787279,
        "sharpe_ratio": 0.154883782589097,
        "max_drawdown": -0.6660509379439311,
        "success": false
      },
      "duration_seconds": 18.706403970718384,
      "champion_updated": false,
      "retry_count": 0,
      "parameters": {
        "momentum_period": 10,
        "ma_periods": 60,
        "catalyst_type": "revenue",
        "catalyst_lookback": 3,
        "n_stocks": 10,
        "stop_loss": 0.1,
        "resample": "M",
        "resample_offset": 0
      },
      "validation_passed": true
    }
  ],
  "param_combinations": [
    [
      10,
      60,
      "revenue",
      3,
      10,
      0.1,
      "M",
      0
    ],
    [
      20,
      90,
      "earnings",
      6,
      15,
      0.12,
      "W",
      2
    ],
    [
      10,
      60,
      "revenue",
      3,
      15,
      0.12,
      "M",
      0
    ]
  ],
  "validation_stats": {
    "total_validations": 10,
    "validation_passes": 10,
    "validation_failures": 0,
    "common_errors": {}
  },