{
  "test_name": "smoke_test",
  "iteration_number": 1,
  "timestamp": "2025-10-19T15:07:02.845426",
  "sharpes": [
    0.154883782589097,
    0.154883782589097
  ],
  "durations": [
    21.365036249160767,
    18.78199863433838
  ],
  "champion_updates": [
    false,
    false
  ],
  "iteration_records": [
    {
      "iteration": 0,
      "success": true,
      "sharpe": 0.154883782589097,
      "metrics": {
        "annual_return": 0.02597056268787279,
        "sharpe_ratio": 0.154883782589097,
        "max_drawdown": -0.6660509379439311,
        "success": false
      },
      "duration_seconds": 21.365036249160767,
      "champion_updated": false,
      "retry_count": 0,
      "parameters": {
        "momentum_period": 10,
        "ma_periods": 60,
        "catalyst_type": "revenue",
        "catalyst_lookback": 3,
        "n_stocks": 10,
        "stop_loss": 0.1,
        "resample": "M",
        "resample_offset": 0
      },
      "validation_passed": true
    },
    {
      "iteration": 1,
      "success": true,
      "sharpe": 0.154883782589097,
      "metrics": {
        "annual_return": 0.02597056268787279,
        "sharpe_ratio": 0.154883782589097,
        "max_drawdown": -0.6660509379439311,
        "success": false
      },
      "duration_seconds": 18.78199863433838,
      "champion_updated": false,
      "retry_count": 0,
      "parameters": {
        "momentum_period": 10,
        "ma_periods": 60,
        "catalyst_type": "revenue",
        "catalyst_lookback": 3,
        "n_stocks": 10,
        "stop_loss": 0.1,
        "resample": "M",
        "resample_offset": 0
      },
      "validation_passed": true
    }
  ],
  "param_combinations": [
    [
      10,
      60,
      "revenue",
      3,
      10,
      0.1,
      "M",
      0
    ]
  ],
  "validation_stats": {
    "total_validations": 2,
    "validation_passes": 2,
    "validation_failures": 0,
    "common_errors": {}
  },
  "champion_state": {
    "sharpe": 2.4751337704804173,
    "iteration": 6,
    "metrics": {
      "total_return": 0.43943126047094666,
      "annual_return": 0.11953852782851668,
      "sharpe_ratio": 2.4751337704804173,
      "max_drawdown": -0.15238839675266508,
      "win_rate": 0.31606829325386526,
      "position_count": 3277
    },
    "parameters": {
      "datasets": [
        "fundamental_features:ROE\u7a05\u5f8c",
        "monthly_revenue:\u53bb\u5e74\u540c\u6708\u589e\u6e1b(%)",
        "price:\u6210\u4ea4\u80a1\u6578",
        "price:\u6210\u4ea4\u91d1\u984d",
        "price:\u6536\u76e4\u50f9",
        "price_earning_ratio:\u672c\u76ca\u6bd4"
      ],
      "liquidity_threshold": 50,
      "roe_smoothing_window": 1,
      "roe_type": "raw",
      "revenue_handling": "simple_shift",
      "value_factor": "pe_ratio",
      "price_filter": 10,
      "volume_filter": null,
      "factor_combination": "returns_20d * 0.3 +     revenue_growth_factor * 0.3 +     roe_factor * 0.2 +     inverse_pe_factor * 0.2"
    }
  }
}